tweet,time,tweetclean
I be wanting to put everything in the air fryer ğŸ˜‚,2022-02-24 04:09:22,I be wanting to put everything in the air fryer
@kittenboy94 Mmmm now I want nugfies too. I'll make some in the air fryer with a bit of fries too.,2022-02-24 04:09:21,Mmmm now I want nugfies too. I'll make some in the air fryer with a bit of fries too.
Maybe I can put these chickens in the air fryer.,2022-02-24 04:06:42,Maybe I can put these chickens in the air fryer.
"3.  Edifier X2 True Wireless Bluetooth Earbuds with Light Weight Design Built In Mic IP54 Touch Control TWS 
Get it on Shopee now! https://t.co/1RnnzuDQJB

4. MMX Kelen Munoz Air Fryer KM Cook Easy - Red/Black (3L) KMAF18R 
Get it on Shopee now! https://t.co/cAXdPIgUC4",2022-02-24 04:06:27,3. Edifier X2 True Wireless Bluetooth Earbuds with Light Weight Design Built In Mic IP54 Touch Control TWS Get it on Shopee now! 4. MMX Kelen Munoz Air Fryer KM Cook Easy - Red/Black (3L) KMAF18R Get it on Shopee now!
"RT @55mmbae: If youâ€™re needing any air fryer recipe ideas, check out my ebook with 25 air fryer recipes! https://t.co/9WpX2QHCzr https://t.â€¦",2022-02-24 04:06:09,": If youâ€™re needing any air fryer recipe ideas, check out my ebook with 25 air fryer recipes!"
@Sinfulskin2 new Galantz microwave that is ALSO an air fryer AND can roast AND bake and it's like magic :D,2022-02-24 04:05:31,new Galantz microwave that is ALSO an air fryer AND can roast AND bake and it's like magic
RT @55mmbae: Air fryer hot honey salmon ğŸŸ https://t.co/zNLrEivrTa,2022-02-24 04:05:24,: Air fryer hot honey salmon
RT @55mmbae: Air fryer hot honey salmon ğŸŸ https://t.co/zNLrEivrTa,2022-02-24 04:05:07,: Air fryer hot honey salmon
RT @55mmbae: Air fryer hot honey salmon ğŸŸ https://t.co/zNLrEivrTa,2022-02-24 04:04:05,: Air fryer hot honey salmon
RT @55mmbae: Air fryer hot honey salmon ğŸŸ https://t.co/zNLrEivrTa,2022-02-24 04:03:17,: Air fryer hot honey salmon
"Bigger things are clearly happening, but as a brief escape from this tragic moment, I present to the TL the dinner I cooked myself:

Pan-seared shrimp and skirt steak topped with chimichurri that has been melding since Saturday, served with salad greens and thicc air fryer fries https://t.co/X6GVDAB2Xc",2022-02-24 04:03:11,"Bigger things are clearly happening, but as a brief escape from this tragic moment, I present to the TL the dinner I cooked myself: Pan-seared shrimp and skirt steak topped with chimichurri that has been melding since Saturday, served with salad greens and thicc air fryer fries"
"My healthy air fryer flautas recipe on TikTok is booming again ğŸ˜‚ Gained 1,000 followers overnight because of one recipe. ğŸ˜… TikTok: Felipejrcortes",2022-02-24 04:02:39,"My healthy air fryer flautas recipe on TikTok is booming again Gained 1,000 followers overnight because of one recipe. TikTok: Felipejrcortes"
"@JohnGonzalez @MichaelBaumann @SeanYoo You picked a good one, John. And every time I order from Angelo's I order way more than I can eat because it's somehow just as good in an air fryer 6 days later.",2022-02-24 04:01:56,"You picked a good one, John. And every time I order from Angelo's I order way more than I can eat because it's somehow just as good in an air fryer 6 days later."
@ReneePaquette I read today some out them in the air fryer.  I gotta try that.,2022-02-24 04:00:50,I read today some out them in the air fryer. I gotta try that.
When I tell yâ€™all I snapped on some air fryer chicken tenders for dinner tonight https://t.co/SU06FDFqEM,2022-02-24 04:00:11,When I tell yâ€™all I snapped on some air fryer chicken tenders for dinner tonight
Air fryer definitely is a life changer ğŸ¤¯,2022-02-24 04:00:03,Air fryer definitely is a life changer ğŸ¤¯
"Here is a five-minute air fryer chocolate chip cookie recipe that requires minimal effort and cleanup
https://t.co/Ww95juhCLK",2022-02-24 04:00:00,Here is a five-minute air fryer chocolate chip cookie recipe that requires minimal effort and cleanup
@blubagel https://t.co/UF9auSdGPx i used this recipe but i donâ€™t have an air fryer so i baked in my toaster oven @ 400,2022-02-24 03:59:31,i used this recipe but i donâ€™t have an air fryer so i baked in my toaster oven 400
RT @ForYahawah222: What were yâ€™all doing when WW3 started? I was testing out my new air fryer and got a CNN notification lol APTTMH,2022-02-24 03:59:30,: What were yâ€™all doing when WW3 started? I was testing out my new air fryer and got a CNN notification lol APTTMH
RT @55mmbae: Air fryer hot honey salmon ğŸŸ https://t.co/zNLrEivrTa,2022-02-24 03:59:16,: Air fryer hot honey salmon
"RT @EleKtr1X: @TheRealCoolmath ""CLEARLY
you don't own an air fryer"" https://t.co/X8nmw2RZMR",2022-02-24 03:58:40,": ""CLEARLY you don't own an air fryer"""
RT @55mmbae: Air fryer hot honey salmon ğŸŸ https://t.co/zNLrEivrTa,2022-02-24 03:58:36,: Air fryer hot honey salmon
"RT @UltreanOfficial: Get this air fryer worth $95.00 for FREE!

Simply join our giveaway and complete the actions needed!
1. Complete the aâ€¦",2022-02-24 03:58:34,: Get this air fryer worth $95.00 for FREE! Simply join our giveaway and complete the actions needed! 1. Complete the aâ€¦
RT @55mmbae: Air fryer hot honey salmon ğŸŸ https://t.co/zNLrEivrTa,2022-02-24 03:58:13,: Air fryer hot honey salmon
"Maaaaaan this whole Russia shit got me all anxious. I canâ€™t be worried about Covid, shady Niggas AND WWIII!!! The air fryer canâ€™t fix this. https://t.co/auXgJyyRzR",2022-02-24 03:57:51,"Maaaaaan this whole Russia shit got me all anxious. I canâ€™t be worried about Covid, shady Niggas AND WWIII!!! The air fryer canâ€™t fix this."
@FallenAngelAz7 They slap! More like baked? I think an air fryer is just a super speedy oven,2022-02-24 03:57:30,They slap! More like baked? I think an air fryer is just a super speedy oven
RT @55mmbae: Air fryer hot honey salmon ğŸŸ https://t.co/zNLrEivrTa,2022-02-24 03:57:10,: Air fryer hot honey salmon
This air fryer got me so lazy ğŸ¤£,2022-02-24 03:56:59,This air fryer got me so lazy ğŸ¤£
RT @55mmbae: Air fryer hot honey salmon ğŸŸ https://t.co/zNLrEivrTa,2022-02-24 03:56:52,: Air fryer hot honey salmon
RT @55mmbae: Air fryer hot honey salmon ğŸŸ https://t.co/zNLrEivrTa,2022-02-24 03:55:04,: Air fryer hot honey salmon
RT @55mmbae: Air fryer hot honey salmon ğŸŸ https://t.co/zNLrEivrTa,2022-02-24 03:54:54,: Air fryer hot honey salmon
RT @55mmbae: Air fryer hot honey salmon ğŸŸ https://t.co/zNLrEivrTa,2022-02-24 03:54:50,: Air fryer hot honey salmon
RT @55mmbae: Air fryer hot honey salmon ğŸŸ https://t.co/zNLrEivrTa,2022-02-24 03:54:31,: Air fryer hot honey salmon
A Brave Little Toaster reboot starring an Air Fryer.,2022-02-24 03:54:12,A Brave Little Toaster reboot starring an Air Fryer.
I need to buy an air fryerğŸ‘ŒğŸ¾,2022-02-24 03:54:03,I need to buy an air fryer
Just got an air fryer anybody know any recipes,2022-02-24 03:53:19,Just got an air fryer anybody know any recipes
RT @0PIUM17: This will forever be known as the meme that started World War 3,2022-02-24 03:53:18,: This will forever be known as the meme that started World War 3
RT @_bengelo_: this is the wrong generation to have world war 3 inğŸ˜­ğŸ˜­ğŸ˜­ https://t.co/Uz2ix76ia1,2022-02-24 03:53:09,: this is the wrong generation to have world war 3 in
@LilShTHeadBish2 Damn not the air fryer,2022-02-24 03:52:41,Damn not the air fryer
@KarlsburgReview I would say since you have a air fryer now you could make homemade Mozzarella sticks,2022-02-24 03:52:18,I would say since you have a air fryer now you could make homemade Mozzarella sticks
Newly acquired smoker wisdom: Left over smoked wings to reheat? (I know... blasphemy!) 5 minutes in the air fryer at 390F. Wow! Indistinguishable from fresh out of the smoker! ğŸ˜‹ğŸ˜‹ğŸ˜Š https://t.co/ZyhltTIIQT,2022-02-24 03:51:51,Newly acquired smoker wisdom: Left over smoked wings to reheat? (I know... blasphemy!) 5 minutes in the air fryer at 390F. Wow! Indistinguishable from fresh out of the smoker!
RT @capydoodle: clearly you donâ€™t own an air fryer https://t.co/xYR2eL95gN,2022-02-24 03:51:24,: clearly you donâ€™t own an air fryer
RT @AsiaRebelFlower: salmon in the air fryer goes CRAZY ğŸ˜‹,2022-02-24 03:51:01,: salmon in the air fryer goes CRAZY
"@seizeyandwheezy @wonder_cripple In the case of a crockpot, it smells like hot electrical mixed with with the hot ceramic. It IS hard to describe! We have a new air fryer/ toaster combo and that one smells like hot electrical.",2022-02-24 03:50:49,"In the case of a crockpot, it smells like hot electrical mixed with with the hot ceramic. It IS hard to describe! We have a new air fryer/ toaster combo and that one smells like hot electrical."
I love my air fryer I just be air frying anything,2022-02-24 03:50:13,I love my air fryer I just be air frying anything
RT @55mmbae: Air fryer hot honey salmon ğŸŸ https://t.co/zNLrEivrTa,2022-02-24 03:49:47,: Air fryer hot honey salmon
RT @itshemiii: never turn your back on him https://t.co/xJs2Y5v67p,2022-02-24 03:48:19,: never turn your back on him
RT @somemadnessfan: @mobgamesstudios well well well look who doesn't have an air fryer https://t.co/eeQhGKSfRI,2022-02-24 03:48:11,: well well well look who doesn't have an air fryer
RT @55mmbae: Air fryer hot honey salmon ğŸŸ https://t.co/zNLrEivrTa,2022-02-24 03:47:45,: Air fryer hot honey salmon
"Get the air fryer weâ€™re and then 12 cans of CARLING if itâ€™s war you want? Youâ€™ll get nothing out of me, in a bit fella",2022-02-24 03:47:45,"Get the air fryer weâ€™re and then 12 cans of CARLING if itâ€™s war you want? Youâ€™ll get nothing out of me, in a bit fella"
RT @55mmbae: Air fryer hot honey salmon ğŸŸ https://t.co/zNLrEivrTa,2022-02-24 03:46:45,: Air fryer hot honey salmon
RT @55mmbae: Air fryer hot honey salmon ğŸŸ https://t.co/zNLrEivrTa,2022-02-24 03:45:23,: Air fryer hot honey salmon
RT @55mmbae: Air fryer hot honey salmon ğŸŸ https://t.co/zNLrEivrTa,2022-02-24 03:44:14,: Air fryer hot honey salmon
RT @55mmbae: Air fryer hot honey salmon ğŸŸ https://t.co/zNLrEivrTa,2022-02-24 03:43:58,: Air fryer hot honey salmon
I made some steaks in the air fryer and them bitches were delicious ğŸ˜©,2022-02-24 03:43:37,I made some steaks in the air fryer and them bitches were delicious
@ashwopp I say get the air fryer ğŸ¤ª hella convenient with cooking,2022-02-24 03:42:54,I say get the air fryer ğŸ¤ª hella convenient with cooking
RT @troywheeler26: Bruh why nobody in my house wanna say we already had an air fryer,2022-02-24 03:42:43,: Bruh why nobody in my house wanna say we already had an air fryer
RT @troywheeler26: I just bought a air fryer just cause,2022-02-24 03:42:38,: I just bought a air fryer just cause
@sal05 True. My salmon in the air fryer now ğŸ¤¦ğŸ¾â€â™€ï¸,2022-02-24 03:41:31,True. My salmon in the air fryer now ğŸ¤¦â€ï¸
RT @55mmbae: Air fryer hot honey salmon ğŸŸ https://t.co/zNLrEivrTa,2022-02-24 03:41:31,: Air fryer hot honey salmon
air fryer oven turbo,2022-02-24 03:41:26,air fryer oven turbo
What were yâ€™all doing when WW3 started? I was testing out my new air fryer and got a CNN notification lol APTTMH,2022-02-24 03:41:03,What were yâ€™all doing when WW3 started? I was testing out my new air fryer and got a CNN notification lol APTTMH
I feel so left out nowâ€¦I need an air fryer yallâ€¦,2022-02-24 03:39:08,I feel so left out nowâ€¦I need an air fryer yallâ€¦
RT @55mmbae: Air fryer hot honey salmon ğŸŸ https://t.co/zNLrEivrTa,2022-02-24 03:39:02,: Air fryer hot honey salmon
So yâ€™allâ€¦ @Alibomb9 is deadass giving me an air fryer tutorial â€¦these wings look so mf good dawg!,2022-02-24 03:38:44,So yâ€™allâ€¦ is deadass giving me an air fryer tutorial â€¦these wings look so mf good dawg!
@EtherSaturn Iâ€™m obsessed with my air fryer ğŸ˜‚,2022-02-24 03:38:25,Iâ€™m obsessed with my air fryer
That huge ass air fryer set outside of my house for about 12 hours.  I was glad it was still there when I got home https://t.co/HwOwJeRa3O,2022-02-24 03:38:10,That huge ass air fryer set outside of my house for about 12 hours. I was glad it was still there when I got home
RT @bloccparti: air fryer changed my life fr,2022-02-24 03:37:27,: air fryer changed my life fr
RT @capydoodle: clearly you donâ€™t own an air fryer https://t.co/xYR2eL95gN,2022-02-24 03:37:25,: clearly you donâ€™t own an air fryer
today marks the day i have been compared to sounding like an air fryer @ericprouty_,2022-02-24 03:37:22,today marks the day i have been compared to sounding like an air fryer
Looking for an easy fall recipe that will WOW your friends and family? This Air Fryer 2 Ingredient Pumpkin Muffins Recipe is easy and delicious! https://t.co/Fi1HK7Cppi  #pumpkin #pumpkinspice #airfryer #recipes,2022-02-24 03:37:02,Looking for an easy fall recipe that will WOW your friends and family? This Air Fryer 2 Ingredient Pumpkin Muffins Recipe is easy and delicious! #pumpkin #pumpkinspice #airfryer #recipes
RT @55mmbae: Air fryer hot honey salmon ğŸŸ https://t.co/zNLrEivrTa,2022-02-24 03:36:43,: Air fryer hot honey salmon
Super Easy Diy Air Fryer Pop-Tarts https://t.co/ofd9S6IvgX https://t.co/E2OYWtEUKx,2022-02-24 03:36:24,Super Easy Diy Air Fryer Pop-Tarts
"ğŸ”¥Macy's - $89.99 Bella 8-Qt. Dual-Basket Touchscreen Air Fryer!!

https://t.co/qey2ytckqc https://t.co/1VeRuRSmT3",2022-02-24 03:35:39,Macy's - $89.99 Bella 8-Qt. Dual-Basket Touchscreen Air Fryer!!
Air fryer obtained. Iâ€™m about to be a menace https://t.co/hhwTjeChbp,2022-02-24 03:35:18,Air fryer obtained. Iâ€™m about to be a menace
"The air fryer I wanted was on sell for $50 and I was hoping itâ€™ll drop more, now itâ€™s back at $150 ğŸ˜ªğŸ˜ª",2022-02-24 03:34:57,"The air fryer I wanted was on sell for $50 and I was hoping itâ€™ll drop more, now itâ€™s back at $150"
i love my air fryer ! shit comes in handy when i want to cook something quick ğŸ˜,2022-02-24 03:34:49,i love my air fryer ! shit comes in handy when i want to cook something quick
RT @55mmbae: Air fryer hot honey salmon ğŸŸ https://t.co/zNLrEivrTa,2022-02-24 03:34:19,: Air fryer hot honey salmon
RT @55mmbae: Air fryer hot honey salmon ğŸŸ https://t.co/zNLrEivrTa,2022-02-24 03:34:02,: Air fryer hot honey salmon
salmon in the air fryer goes CRAZY ğŸ˜‹,2022-02-24 03:32:34,salmon in the air fryer goes CRAZY
Just found out our microwave is also an air fryerâ€¦ bitchhhhhh,2022-02-24 03:32:16,Just found out our microwave is also an air fryerâ€¦ bitchhhhhh
RT @capydoodle: clearly you donâ€™t own an air fryer https://t.co/xYR2eL95gN,2022-02-24 03:31:41,: clearly you donâ€™t own an air fryer
A nigga washer went out then my oven now itâ€™s my air fryerğŸ˜­ğŸ˜­ğŸ˜­ğŸ˜­ğŸ˜­ğŸ¤¦ğŸ¾â€â™‚ï¸ğŸ˜­ğŸ˜­ğŸ˜­ğŸ˜­ğŸ¤¦ğŸ¾â€â™‚ï¸ğŸ¤¦ğŸ¾â€â™‚ï¸ğŸ¤¦ğŸ¾â€â™‚ï¸ğŸ¤¦ğŸ¾â€â™‚ï¸,2022-02-24 03:31:36,A nigga washer went out then my oven now itâ€™s my air fryerğŸ¤¦â€ï¸ğŸ¤¦â€ï¸ğŸ¤¦â€ï¸ğŸ¤¦â€ï¸ğŸ¤¦â€ï¸
RT @55mmbae: Air fryer hot honey salmon ğŸŸ https://t.co/zNLrEivrTa,2022-02-24 03:31:26,: Air fryer hot honey salmon
Nothing beats a tendies/air fryer combo,2022-02-24 03:31:13,Nothing beats a tendies/air fryer combo
Jk heâ€™s back and he definitely just fell victim to Costco lmaooooo man came back with boxes of food and and air fryer hahahah,2022-02-24 03:31:06,Jk heâ€™s back and he definitely just fell victim to Costco lmaooooo man came back with boxes of food and and air fryer hahahah
RT @55mmbae: Air fryer hot honey salmon ğŸŸ https://t.co/zNLrEivrTa,2022-02-24 03:30:57,: Air fryer hot honey salmon
RT @55mmbae: Air fryer hot honey salmon ğŸŸ https://t.co/zNLrEivrTa,2022-02-24 03:30:35,: Air fryer hot honey salmon
RT @55mmbae: Air fryer hot honey salmon ğŸŸ https://t.co/zNLrEivrTa,2022-02-24 03:30:08,: Air fryer hot honey salmon
#ShopeeMY22 #ShopeeMy [SHOPEE EXCLUSIVE] Tefal Easy Fry Classic Healthy Fryer / Air Fryer (4.2L) EY20 RM 359 ! https://t.co/c04n0feyGR,2022-02-24 03:30:02,#ShopeeMY22 #ShopeeMy [SHOPEE EXCLUSIVE] Tefal Easy Fry Classic Healthy Fryer / Air Fryer (4.2L) EY20 RM 359 !
@one4bruce @treadmillhorse @DullesDistrict never had a steak in the AF! but weâ€™ve pretty much relegated our air fryer to a wing cookerâ€¦ preparation is key. we found a brine that makes them better than any restaurant https://t.co/qzbk6QZnla,2022-02-24 03:29:52,never had a steak in the AF! but weâ€™ve pretty much relegated our air fryer to a wing cookerâ€¦ preparation is key. we found a brine that makes them better than any restaurant
It's wing Wednesday and I got wings in the air fryer. What flavor u rocking with? https://t.co/kpv5JjU7DY,2022-02-24 03:29:51,It's wing Wednesday and I got wings in the air fryer. What flavor u rocking with?
Air Fryer Wings are my go to!!! Growth.. cause it used to be a fried pork chop ğŸ˜‚ https://t.co/XKAPQ24t2N,2022-02-24 03:28:56,Air Fryer Wings are my go to!!! Growth.. cause it used to be a fried pork chop
@blemfrfr Put it in the air fryer,2022-02-24 03:28:56,Put it in the air fryer
RT @55mmbae: Air fryer hot honey salmon ğŸŸ https://t.co/zNLrEivrTa,2022-02-24 03:28:16,: Air fryer hot honey salmon
@thebirdiehansen I was just looking at Reuben air fryer egg roll recipes ğŸ˜³,2022-02-24 03:28:16,I was just looking at Reuben air fryer egg roll recipes
@air_fryer_dude Chip/10,2022-02-24 03:27:36,Chip/10
Only two things Iâ€™m taking out in a house fire: my dog and air fryer.,2022-02-24 03:27:16,Only two things Iâ€™m taking out in a house fire: my dog and air fryer.
RT @SDMEDIAMGMT: @CharaCarbone I need to show her to my kitchen...and my air fryer ğŸ‘¿ https://t.co/H9Hi1L8aTh,2022-02-24 03:27:08,: I need to show her to my kitchen...and my air fryer
"the Trader Joeâ€™s veggie spring rolls in the air fryer go hard 

dip them in a quick lil peanut sauce? fire ğŸ’¥",2022-02-24 03:27:07,the Trader Joeâ€™s veggie spring rolls in the air fryer go hard dip them in a quick lil peanut sauce? fire
My air fryer dont work ğŸ˜• or i did it wrong. Lmaoâ€¦,2022-02-24 03:26:42,My air fryer dont work or i did it wrong. Lmaoâ€¦
Why is this chip so big https://t.co/wKoqRPrPKX,2022-02-24 03:26:21,Why is this chip so big
"Him: talk dirty to me 

Me: i want to put weird ingredients in egg rolls and cook them in the air fryer",2022-02-24 03:26:15,Him: talk dirty to me Me: i want to put weird ingredients in egg rolls and cook them in the air fryer
RT @55mmbae: Air fryer hot honey salmon ğŸŸ https://t.co/zNLrEivrTa,2022-02-24 03:26:11,: Air fryer hot honey salmon
Making chicken tendies en mi air fryer ğŸ¤—,2022-02-24 03:26:05,Making chicken tendies en mi air fryer ğŸ¤—
@Spunow_ Clearly she hasnâ€™t cooked an air fryer,2022-02-24 03:25:03,Clearly she hasnâ€™t cooked an air fryer
RT @55mmbae: Air fryer hot honey salmon ğŸŸ https://t.co/zNLrEivrTa,2022-02-24 03:24:21,: Air fryer hot honey salmon
RT @55mmbae: Air fryer hot honey salmon ğŸŸ https://t.co/zNLrEivrTa,2022-02-24 03:24:03,: Air fryer hot honey salmon
RT @55mmbae: Air fryer hot honey salmon ğŸŸ https://t.co/zNLrEivrTa,2022-02-24 03:23:26,: Air fryer hot honey salmon
RT @55mmbae: Air fryer hot honey salmon ğŸŸ https://t.co/zNLrEivrTa,2022-02-24 03:22:56,: Air fryer hot honey salmon
RT @55mmbae: Air fryer hot honey salmon ğŸŸ https://t.co/zNLrEivrTa,2022-02-24 03:22:52,: Air fryer hot honey salmon
Everyone in Killeen getting put in an air fryer https://t.co/g9ngmJHBgr,2022-02-24 03:22:23,Everyone in Killeen getting put in an air fryer
RT @55mmbae: Air fryer hot honey salmon ğŸŸ https://t.co/zNLrEivrTa,2022-02-24 03:22:02,: Air fryer hot honey salmon
"@adamliaw Nope. In my tiny rental kitchen, the 15 year old oven heats up the entire apartment. Air fryer does not do that.",2022-02-24 03:21:45,"Nope. In my tiny rental kitchen, the 15 year old oven heats up the entire apartment. Air fryer does not do that."
"RT @overdosekenji2: Bitch I got HBO max, Disney plus, and a air fryer. You not finna talk to me crazy",2022-02-24 03:21:33,": Bitch I got HBO max, Disney plus, and a air fryer. You not finna talk to me crazy"
"Enter The Ninja Foodie Air Fryer Giveaway  https://t.co/qVGyLu6MtQ 
Ends April 6, 2022.",2022-02-24 03:21:28,"Enter The Ninja Foodie Air Fryer Giveaway Ends April 6, 2022."
"RT @PpcAngel: I have HBO Max, Disney +, and an air fryer. Nobody fuck with me https://t.co/KL425zY4tN",2022-02-24 03:20:52,": I have HBO Max, Disney +, and an air fryer. Nobody fuck with me"
RT @GitRDoneLarry: First Russia/Ukraine now this! Thisâ€™ll add another week delay to get my Air fryer! These week old soggy tots need some pâ€¦,2022-02-24 03:20:43,: First Russia/Ukraine now this! Thisâ€™ll add another week delay to get my Air fryer! These week old soggy tots need some pâ€¦
RT @55mmbae: Air fryer hot honey salmon ğŸŸ https://t.co/zNLrEivrTa,2022-02-24 03:20:04,: Air fryer hot honey salmon
@ironicsins Air fryer,2022-02-24 03:19:34,Air fryer
Air Fryer Crab Rangoon https://t.co/3WRXN30prN https://t.co/c3ersH3yQC,2022-02-24 03:19:20,Air Fryer Crab Rangoon
RT @55mmbae: Air fryer hot honey salmon ğŸŸ https://t.co/zNLrEivrTa,2022-02-24 03:18:58,: Air fryer hot honey salmon
@joshistoolive You and this air fryer talk ğŸ˜‚ğŸ˜­,2022-02-24 03:17:58,You and this air fryer talk
"@J_A_Y_L_E_N Leftover pizza in the air fryer is generational, i sometimes get pizza to heat up the next day",2022-02-24 03:17:07,"Leftover pizza in the air fryer is generational, i sometimes get pizza to heat up the next day"
"@alanfryermedia What the actual fuÂ¢k is an Alan Fryer, is it similar to an Air fryer.",2022-02-24 03:16:03,"What the actual fuÂ¢k is an Alan Fryer, is it similar to an Air fryer."
RT @55mmbae: Air fryer hot honey salmon ğŸŸ https://t.co/zNLrEivrTa,2022-02-24 03:15:56,: Air fryer hot honey salmon
RT @55mmbae: Air fryer hot honey salmon ğŸŸ https://t.co/zNLrEivrTa,2022-02-24 03:15:55,: Air fryer hot honey salmon
RT @55mmbae: Air fryer hot honey salmon ğŸŸ https://t.co/zNLrEivrTa,2022-02-24 03:15:09,: Air fryer hot honey salmon
@CharaCarbone I need to show her to my kitchen...and my air fryer ğŸ‘¿ https://t.co/H9Hi1L8aTh,2022-02-24 03:15:08,I need to show her to my kitchen...and my air fryer
RT @55mmbae: Air fryer hot honey salmon ğŸŸ https://t.co/zNLrEivrTa,2022-02-24 03:13:55,: Air fryer hot honey salmon
RT @55mmbae: Air fryer hot honey salmon ğŸŸ https://t.co/zNLrEivrTa,2022-02-24 03:13:25,: Air fryer hot honey salmon
@adamliaw Nope. My modern free standing oven is poorly insulated and heats up our lean-to hot-box kitchen more effectively than any heater. The air fryer is used here more in summer than any other time purely because it saves us from a stinking hot kitchen.,2022-02-24 03:12:41,Nope. My modern free standing oven is poorly insulated and heats up our lean-to hot-box kitchen more effectively than any heater. The air fryer is used here more in summer than any other time purely because it saves us from a stinking hot kitchen.
If I would have known I needed 4 Brillo pads and an atom bomb to clean the air fryer I would have never bought this fucking thing.,2022-02-24 03:11:06,If I would have known I needed 4 Brillo pads and an atom bomb to clean the air fryer I would have never bought this fucking thing.
"RT @GMA: Make some room in the freezer, because these prep-ahead recipes will make popping a dish into the slow cooker, Dutch oven or air fâ€¦",2022-02-24 03:10:56,": Make some room in the freezer, because these prep-ahead recipes will make popping a dish into the slow cooker, Dutch oven or air fâ€¦"
my roommate just made some salmon patties in the air fryer and theyâ€™re so good ğŸ™ƒ,2022-02-24 03:10:38,my roommate just made some salmon patties in the air fryer and theyâ€™re so good
RT @55mmbae: Air fryer hot honey salmon ğŸŸ https://t.co/zNLrEivrTa,2022-02-24 03:10:29,: Air fryer hot honey salmon
Air Fryer Orange Chicken | Food Doodles - https://t.co/ASBLnLHRiy via @FoodDoodles,2022-02-24 03:10:25,Air Fryer Orange Chicken | Food Doodles - via
"@bernybraylon @Barthazian if its hot wallet, put in freezer. if its cold wallet, put it on air fryer",2022-02-24 03:10:20,"if its hot wallet, put in freezer. if its cold wallet, put it on air fryer"
RT @55mmbae: Air fryer hot honey salmon ğŸŸ https://t.co/zNLrEivrTa,2022-02-24 03:10:13,: Air fryer hot honey salmon
my air fryer sets of my fire alarm every time I use it ğŸ’€,2022-02-24 03:09:50,my air fryer sets of my fire alarm every time I use it
"marinate tofu with soy sauce, garlic powder, black pepper, paprika, and nutritional yeast in the air fryer &gt;&gt;&gt;",2022-02-24 03:09:11,"marinate tofu with soy sauce, garlic powder, black pepper, paprika, and nutritional yeast in the air fryer &gt;&gt;&gt;"
My mom discovered an air fryer and now she throwâ€™s everything in that bitch ğŸ˜­,2022-02-24 03:09:10,My mom discovered an air fryer and now she throwâ€™s everything in that bitch
"RT @nicdimitrakis: using ur air fryer: ğŸ˜ğŸ˜ğŸ˜ğŸ˜ğŸ¥°ğŸ¥°ğŸ¥°ğŸ¥°ğŸ˜‹ğŸ˜‹ğŸ˜‹ğŸ˜‹ğŸ˜‹

cleaning ur air fryer: ğŸ˜’ğŸ˜’ğŸ˜’ğŸ˜’ğŸ˜’ğŸ˜’ğŸ‘ğŸ¼ğŸ‘ğŸ¼ğŸ‘ğŸ¼ğŸ‘ğŸ¼ğŸ‘ğŸ¼ğŸ…ğŸ…ğŸ…ğŸ…ğŸ…",2022-02-24 03:09:10,: using ur air fryer: ğŸ¥°ğŸ¥°ğŸ¥°ğŸ¥° cleaning ur air fryer:
RT @55mmbae: Air fryer hot honey salmon ğŸŸ https://t.co/zNLrEivrTa,2022-02-24 03:08:54,: Air fryer hot honey salmon
I need my air fryer ğŸ˜’,2022-02-24 03:08:50,I need my air fryer
RT @55mmbae: Air fryer hot honey salmon ğŸŸ https://t.co/zNLrEivrTa,2022-02-24 03:08:40,: Air fryer hot honey salmon
Gotta know how to work that air fryer https://t.co/33IaC6vHyP,2022-02-24 03:08:08,Gotta know how to work that air fryer
@damanr Air fryer hack: donâ€™t cook peanuts because theyâ€™re disgusting,2022-02-24 03:07:37,Air fryer hack: donâ€™t cook peanuts because theyâ€™re disgusting
"@JonComms Wow this blew up â€¼ï¸ stream lemon demon or you donâ€™t have an air fryer or something, idk https://t.co/gD4vd0EnFd",2022-02-24 03:07:32,"Wow this blew up â€¼ï¸ stream lemon demon or you donâ€™t have an air fryer or something, idk"
I need my dude to buy me a air fryer like today..,2022-02-24 03:07:21,I need my dude to buy me a air fryer like today..
RT @55mmbae: Air fryer hot honey salmon ğŸŸ https://t.co/zNLrEivrTa,2022-02-24 03:07:13,: Air fryer hot honey salmon
I am now certified with an air fryer,2022-02-24 03:06:52,I am now certified with an air fryer
RT @bloccparti: air fryer changed my life fr,2022-02-24 03:06:28,: air fryer changed my life fr
RT @55mmbae: Air fryer hot honey salmon ğŸŸ https://t.co/zNLrEivrTa,2022-02-24 03:06:26,: Air fryer hot honey salmon
"@zelly94 Gotta be Phil Collins themed too. Call it ""In the Air(fryer) Tonight""",2022-02-24 03:06:10,"Gotta be Phil Collins themed too. Call it ""In the Air(fryer) Tonight"""
"RT @55mmbae: If youâ€™re needing any air fryer recipe ideas, check out my ebook with 25 air fryer recipes! https://t.co/9WpX2QHCzr https://t.â€¦",2022-02-24 03:05:25,": If youâ€™re needing any air fryer recipe ideas, check out my ebook with 25 air fryer recipes!"
RT @55mmbae: Air fryer hot honey salmon ğŸŸ https://t.co/zNLrEivrTa,2022-02-24 03:05:18,: Air fryer hot honey salmon
Do I need this new air fryer? quick!,2022-02-24 03:04:30,Do I need this new air fryer? quick!
"RT @GMA: Make some room in the freezer, because these prep-ahead recipes will make popping a dish into the slow cooker, Dutch oven or air fâ€¦",2022-02-24 03:04:19,": Make some room in the freezer, because these prep-ahead recipes will make popping a dish into the slow cooker, Dutch oven or air fâ€¦"
RT @55mmbae: Air fryer hot honey salmon ğŸŸ https://t.co/zNLrEivrTa,2022-02-24 03:03:57,: Air fryer hot honey salmon
I wish I could hop into That 70s Show reality and give kitty foreman an air fryer. she deserves it.,2022-02-24 03:03:49,I wish I could hop into That 70s Show reality and give kitty foreman an air fryer. she deserves it.
"RT @GMA: Make some room in the freezer, because these prep-ahead recipes will make popping a dish into the slow cooker, Dutch oven or air fâ€¦",2022-02-24 03:03:47,": Make some room in the freezer, because these prep-ahead recipes will make popping a dish into the slow cooker, Dutch oven or air fâ€¦"
@adamliaw Believe me itâ€™s true in QLD! I love the air fryer for that very reason.,2022-02-24 03:03:11,Believe me itâ€™s true in QLD! I love the air fryer for that very reason.
RT @55mmbae: Air fryer hot honey salmon ğŸŸ https://t.co/zNLrEivrTa,2022-02-24 03:02:47,: Air fryer hot honey salmon
RT @thislilpiglet: Congratulations @SandraKennedy1 who WINS a Ninja Foodi 10-in-1 Pressure Cooker / Air Fryer Please Fill in this form httpâ€¦,2022-02-24 03:02:24,: Congratulations who WINS a Ninja Foodi 10-in-1 Pressure Cooker / Air Fryer Please Fill in this form httpâ€¦
RT @55mmbae: Air fryer hot honey salmon ğŸŸ https://t.co/zNLrEivrTa,2022-02-24 03:02:05,: Air fryer hot honey salmon
RT @thislilpiglet: Congratulations @SandraKennedy1 who WINS a Ninja Foodi 10-in-1 Pressure Cooker / Air Fryer Please Fill in this form httpâ€¦,2022-02-24 03:01:52,: Congratulations who WINS a Ninja Foodi 10-in-1 Pressure Cooker / Air Fryer Please Fill in this form httpâ€¦
RT @LateefOM: The air fryer is Gods gift to us all,2022-02-24 03:01:52,: The air fryer is Gods gift to us all
RT @55mmbae: Air fryer hot honey salmon ğŸŸ https://t.co/zNLrEivrTa,2022-02-24 03:01:47,: Air fryer hot honey salmon
Air fryer hack: put in-shell peanuts into the air fryer for 2 minutes at 350 degrees...toss it a minute in...you're welcome.,2022-02-24 03:01:39,Air fryer hack: put in-shell peanuts into the air fryer for 2 minutes at 350 degrees...toss it a minute in...you're welcome.
"RT @GMA: Make some room in the freezer, because these prep-ahead recipes will make popping a dish into the slow cooker, Dutch oven or air fâ€¦",2022-02-24 03:01:13,": Make some room in the freezer, because these prep-ahead recipes will make popping a dish into the slow cooker, Dutch oven or air fâ€¦"
RT @55mmbae: Air fryer hot honey salmon ğŸŸ https://t.co/zNLrEivrTa,2022-02-24 03:01:09,: Air fryer hot honey salmon
Best Air Fryer Flank Steak Recipe https://t.co/J5NsApaBQh,2022-02-24 03:00:55,Best Air Fryer Flank Steak Recipe
RT @55mmbae: Air fryer hot honey salmon ğŸŸ https://t.co/zNLrEivrTa,2022-02-24 03:00:48,: Air fryer hot honey salmon
Yo I had enough money to buy a air fryer Iâ€™m so fucking pumped,2022-02-24 03:00:46,Yo I had enough money to buy a air fryer Iâ€™m so fucking pumped
RT @55mmbae: Air fryer hot honey salmon ğŸŸ https://t.co/zNLrEivrTa,2022-02-24 03:00:32,: Air fryer hot honey salmon
RT @thislilpiglet: Congratulations @SandraKennedy1 who WINS a Ninja Foodi 10-in-1 Pressure Cooker / Air Fryer Please Fill in this form httpâ€¦,2022-02-24 03:00:25,: Congratulations who WINS a Ninja Foodi 10-in-1 Pressure Cooker / Air Fryer Please Fill in this form httpâ€¦
"Make some room in the freezer, because these prep-ahead recipes will make popping a dish into the slow cooker, Dutch oven or air fryer even easier, especially when you're craving a warm, comforting dish. https://t.co/lx6Bwz65DA",2022-02-24 03:00:01,"Make some room in the freezer, because these prep-ahead recipes will make popping a dish into the slow cooker, Dutch oven or air fryer even easier, especially when you're craving a warm, comforting dish."
RT @thislilpiglet: Congratulations @SandraKennedy1 who WINS a Ninja Foodi 10-in-1 Pressure Cooker / Air Fryer Please Fill in this form httpâ€¦,2022-02-24 03:00:00,: Congratulations who WINS a Ninja Foodi 10-in-1 Pressure Cooker / Air Fryer Please Fill in this form httpâ€¦
RT @thislilpiglet: Congratulations @SandraKennedy1 who WINS a Ninja Foodi 10-in-1 Pressure Cooker / Air Fryer Please Fill in this form httpâ€¦,2022-02-24 02:59:48,: Congratulations who WINS a Ninja Foodi 10-in-1 Pressure Cooker / Air Fryer Please Fill in this form httpâ€¦
RT @thislilpiglet: Congratulations @SandraKennedy1 who WINS a Ninja Foodi 10-in-1 Pressure Cooker / Air Fryer Please Fill in this form httpâ€¦,2022-02-24 02:59:47,: Congratulations who WINS a Ninja Foodi 10-in-1 Pressure Cooker / Air Fryer Please Fill in this form httpâ€¦
Housemate got an air fryer so Iâ€™m now air frying everything! Good times,2022-02-24 02:59:44,Housemate got an air fryer so Iâ€™m now air frying everything! Good times
Congratulations @SandraKennedy1 who WINS a Ninja Foodi 10-in-1 Pressure Cooker / Air Fryer Please Fill in this form https://t.co/NH4IdPtZVQ #ChickenDotCA https://t.co/oWpYrNkPKm,2022-02-24 02:59:41,Congratulations who WINS a Ninja Foodi 10-in-1 Pressure Cooker / Air Fryer Please Fill in this form #ChickenDotCA
RT @55mmbae: Air fryer hot honey salmon ğŸŸ https://t.co/zNLrEivrTa,2022-02-24 02:59:30,: Air fryer hot honey salmon
"A little sweet and a little spicy, this Air Fryer Orange Chicken is so incredibly tasty! Serve it with rice and you are ready to enjoy a hearty dinner that is better than takeout! https://t.co/8reFFlYc8m",2022-02-24 02:58:48,"A little sweet and a little spicy, this Air Fryer Orange Chicken is so incredibly tasty! Serve it with rice and you are ready to enjoy a hearty dinner that is better than takeout!"
RT @55mmbae: Air fryer hot honey salmon ğŸŸ https://t.co/zNLrEivrTa,2022-02-24 02:58:06,: Air fryer hot honey salmon
RT @55mmbae: Air fryer hot honey salmon ğŸŸ https://t.co/zNLrEivrTa,2022-02-24 02:56:42,: Air fryer hot honey salmon
RT @55mmbae: Air fryer hot honey salmon ğŸŸ https://t.co/zNLrEivrTa,2022-02-24 02:56:29,: Air fryer hot honey salmon
RT @55mmbae: Air fryer hot lemon pepper wings ğŸ¥ https://t.co/DovcVDQ1Iw,2022-02-24 02:56:08,: Air fryer hot lemon pepper wings
RT @55mmbae: Air fryer hot honey salmon ğŸŸ https://t.co/zNLrEivrTa,2022-02-24 02:55:53,: Air fryer hot honey salmon
"@StedmanDS @GTjumperzo He solid, I rock with him heavy. Bought his air fryer recipe book",2022-02-24 02:55:17,"He solid, I rock with him heavy. Bought his air fryer recipe book"
My mental health is doing so well lately that I'm actually considering buying an air fryer??,2022-02-24 02:54:34,My mental health is doing so well lately that I'm actually considering buying an air fryer??
RT @55mmbae: Air fryer hot honey salmon ğŸŸ https://t.co/zNLrEivrTa,2022-02-24 02:54:14,: Air fryer hot honey salmon
"@AddamsGarry Morning amigo, here's this funny little mix up of what I thought was an air fryer https://t.co/60X9Q3ms56",2022-02-24 02:54:12,"Morning amigo, here's this funny little mix up of what I thought was an air fryer"
Air fryer green beans are the move ğŸ˜‹ https://t.co/lnUMGJSgI4,2022-02-24 02:53:51,Air fryer green beans are the move
RT @55mmbae: Air fryer hot honey salmon ğŸŸ https://t.co/zNLrEivrTa,2022-02-24 02:53:13,: Air fryer hot honey salmon
@Flakfire AIR FRYER! Congrats. You are going to be swimming in delicious bagel bites in no time.,2022-02-24 02:53:08,AIR FRYER! Congrats. You are going to be swimming in delicious bagel bites in no time.
"The Healthy Air Fryer Cookbook: Truly Healthy Fried Food Recipes with Low Salt, Low Fat, and Zero Guilt https://t.co/FwHwp2ctlr via @amazon #airfryer #ad #HomeandAway",2022-02-24 02:52:48,"The Healthy Air Fryer Cookbook: Truly Healthy Fried Food Recipes with Low Salt, Low Fat, and Zero Guilt via #airfryer #ad #HomeandAway"
RT @Rosieredtica: Seeet plantains coming out ID the air fryer!! I like them very brown https://t.co/tiXf6ky8FW,2022-02-24 02:52:33,: Seeet plantains coming out ID the air fryer!! I like them very brown
"@SeedandNourish @chaely I have just been buying brands like Biena (love their Rockinâ€™ Ranch which reminds me of Cool Ranch Doritos) or Moâ€™plleez but I bet an air fryer, dehydrator, or oven on the lowest temp could prolly do a good job.",2022-02-24 02:52:14,"I have just been buying brands like Biena (love their Rockinâ€™ Ranch which reminds me of Cool Ranch Doritos) or Moâ€™plleez but I bet an air fryer, dehydrator, or oven on the lowest temp could prolly do a good job."
RT @55mmbae: Air fryer hot honey salmon ğŸŸ https://t.co/zNLrEivrTa,2022-02-24 02:52:07,: Air fryer hot honey salmon
RT @55mmbae: Air fryer hot honey salmon ğŸŸ https://t.co/zNLrEivrTa,2022-02-24 02:51:45,: Air fryer hot honey salmon
"RT @BASEMENTGHOST: niggas be having villain origin stories start with getting an air fryer..

itâ€™s me, iâ€™m niggas.",2022-02-24 02:51:37,": niggas be having villain origin stories start with getting an air fryer.. itâ€™s me, iâ€™m niggas."
RT @55mmbae: Air fryer hot honey salmon ğŸŸ https://t.co/zNLrEivrTa,2022-02-24 02:51:06,: Air fryer hot honey salmon
Denzel ainâ€™t even know he carrying me to buy an air fryer by Standards. Should I tell him? ğŸ˜‚ hadda use this voucher by June ğŸ¤¦ğŸ½â€â™€ï¸,2022-02-24 02:50:49,Denzel ainâ€™t even know he carrying me to buy an air fryer by Standards. Should I tell him? hadda use this voucher by June ğŸ¤¦â€ï¸
RT @55mmbae: Air fryer hot honey salmon ğŸŸ https://t.co/zNLrEivrTa,2022-02-24 02:50:35,: Air fryer hot honey salmon
@ashwopp Air fryer ğŸ”¥ğŸ”¥ğŸ”¥,2022-02-24 02:50:10,Air fryer
RT @55mmbae: Air fryer hot honey salmon ğŸŸ https://t.co/zNLrEivrTa,2022-02-24 02:49:53,: Air fryer hot honey salmon
I also bought an air fryer today ğŸ˜­,2022-02-24 02:49:04,I also bought an air fryer today
Please check out this INSANE checkmate I got on my friend todayâ€¦ https://t.co/4Aq8rQalPI,2022-02-24 02:48:49,Please check out this INSANE checkmate I got on my friend todayâ€¦
@TheCharismaCafe @runner_scarlet @bookmadlady My hubby loves wings in the air fryer.,2022-02-24 02:48:16,My hubby loves wings in the air fryer.
@SpineysCh Next stop: air fryer,2022-02-24 02:48:11,Next stop: air fryer
I marinated some chicken in Skinny girl - honey Dijon mustard dressing and put It in the air fryer and made some collard greens with turkey meat https://t.co/5IF5J7JTc0,2022-02-24 02:47:23,I marinated some chicken in Skinny girl - honey Dijon mustard dressing and put It in the air fryer and made some collard greens with turkey meat
RT @neinmuse: i may have crippling depression but at least i have an air fryer,2022-02-24 02:47:16,: i may have crippling depression but at least i have an air fryer
Finally have an air fryer ğŸ˜€,2022-02-24 02:47:11,Finally have an air fryer
RT @55mmbae: Air fryer hot honey salmon ğŸŸ https://t.co/zNLrEivrTa,2022-02-24 02:47:05,: Air fryer hot honey salmon
RT @55mmbae: Air fryer hot honey salmon ğŸŸ https://t.co/zNLrEivrTa,2022-02-24 02:46:58,: Air fryer hot honey salmon
RT @55mmbae: Air fryer hot honey salmon ğŸŸ https://t.co/zNLrEivrTa,2022-02-24 02:46:16,: Air fryer hot honey salmon
RT @55mmbae: Air fryer hot honey salmon ğŸŸ https://t.co/zNLrEivrTa,2022-02-24 02:46:07,: Air fryer hot honey salmon
RT @55mmbae: Air fryer hot honey salmon ğŸŸ https://t.co/zNLrEivrTa,2022-02-24 02:45:11,: Air fryer hot honey salmon
"using ur air fryer: ğŸ˜ğŸ˜ğŸ˜ğŸ˜ğŸ¥°ğŸ¥°ğŸ¥°ğŸ¥°ğŸ˜‹ğŸ˜‹ğŸ˜‹ğŸ˜‹ğŸ˜‹

cleaning ur air fryer: ğŸ˜’ğŸ˜’ğŸ˜’ğŸ˜’ğŸ˜’ğŸ˜’ğŸ‘ğŸ¼ğŸ‘ğŸ¼ğŸ‘ğŸ¼ğŸ‘ğŸ¼ğŸ‘ğŸ¼ğŸ…ğŸ…ğŸ…ğŸ…ğŸ…",2022-02-24 02:44:23,using ur air fryer: ğŸ¥°ğŸ¥°ğŸ¥°ğŸ¥° cleaning ur air fryer:
Air fryer comes Friday. Excitement level 15/10,2022-02-24 02:43:46,Air fryer comes Friday. Excitement level 15/10
@ashwopp Get the tote bag you donâ€™t even need a air fryer ğŸ˜‚,2022-02-24 02:43:40,Get the tote bag you donâ€™t even need a air fryer
RT @55mmbae: Air fryer hot honey salmon ğŸŸ https://t.co/zNLrEivrTa,2022-02-24 02:43:27,: Air fryer hot honey salmon
RT @GitRDoneLarry: First Russia/Ukraine now this! Thisâ€™ll add another week delay to get my Air fryer! These week old soggy tots need some pâ€¦,2022-02-24 02:43:16,: First Russia/Ukraine now this! Thisâ€™ll add another week delay to get my Air fryer! These week old soggy tots need some pâ€¦
"@SJConsulting_CA A5 Q5 Chicken Wings made in the air fryer are amazing.  They cook up perfectly.  We just toss them in our favourite sauce, itâ€™s better than wing night at the pub #ChickenDotCA",2022-02-24 02:42:56,"A5 Q5 Chicken Wings made in the air fryer are amazing. They cook up perfectly. We just toss them in our favourite sauce, itâ€™s better than wing night at the pub #ChickenDotCA"
RT @55mmbae: Air fryer hot honey salmon ğŸŸ https://t.co/zNLrEivrTa,2022-02-24 02:42:37,: Air fryer hot honey salmon
"@Cthonicus @ajmarekart Clearly

You don't own an Air Fryer",2022-02-24 02:42:36,Clearly You don't own an Air Fryer
RT @55mmbae: Air fryer hot honey salmon ğŸŸ https://t.co/zNLrEivrTa,2022-02-24 02:42:19,: Air fryer hot honey salmon
RT @55mmbae: Air fryer hot honey salmon ğŸŸ https://t.co/zNLrEivrTa,2022-02-24 02:41:46,: Air fryer hot honey salmon
Asparagus in the air fryer is sooooo good,2022-02-24 02:40:52,Asparagus in the air fryer is sooooo good
Fried fryed air fryer idk. What is it air fried,2022-02-24 02:39:21,Fried fryed air fryer idk. What is it air fried
RT @55mmbae: Air fryer hot honey salmon ğŸŸ https://t.co/zNLrEivrTa,2022-02-24 02:38:28,: Air fryer hot honey salmon
"@SoybeanJenny @angelik_who @LilacW1 though I have done the immersion in hot water to thaw method, and that works, but I love the air fryer for my wings: avocado oil, fish sauce, hoisin, oyster sauce, and teriyaki, with garlic salt.  YUMMMMMMMMY, and you turned me onto the fish sauce...",2022-02-24 02:38:00,"though I have done the immersion in hot water to thaw method, and that works, but I love the air fryer for my wings: avocado oil, fish sauce, hoisin, oyster sauce, and teriyaki, with garlic salt. YUMMMMMMMMY, and you turned me onto the fish sauce..."
"RT @MyChaos: Have an air fryer? TheseÂ Crispy Air Fryer Chicken WingsÂ are breaded and double cooked in a sweet chili sauce, and so quick toâ€¦",2022-02-24 02:37:40,": Have an air fryer? These Crispy Air Fryer Chicken Wings are breaded and double cooked in a sweet chili sauce, and so quick toâ€¦"
RT @55mmbae: Air fryer hot honey salmon ğŸŸ https://t.co/zNLrEivrTa,2022-02-24 02:37:33,: Air fryer hot honey salmon
RT @55mmbae: Air fryer hot honey salmon ğŸŸ https://t.co/zNLrEivrTa,2022-02-24 02:37:27,: Air fryer hot honey salmon
RT @55mmbae: Air fryer hot honey salmon ğŸŸ https://t.co/zNLrEivrTa,2022-02-24 02:37:09,: Air fryer hot honey salmon
RT @55mmbae: Air fryer hot honey salmon ğŸŸ https://t.co/zNLrEivrTa,2022-02-24 02:36:59,: Air fryer hot honey salmon
RT @55mmbae: Air fryer hot honey salmon ğŸŸ https://t.co/zNLrEivrTa,2022-02-24 02:36:49,: Air fryer hot honey salmon
RT @55mmbae: Air fryer hot honey salmon ğŸŸ https://t.co/zNLrEivrTa,2022-02-24 02:36:45,: Air fryer hot honey salmon
"Have an air fryer? TheseÂ Crispy Air Fryer Chicken WingsÂ are breaded and double cooked in a sweet chili sauce, and so quick to make! https://t.co/bps3bsdD2Y #chickendotca https://t.co/m4trVviGyt",2022-02-24 02:36:31,"Have an air fryer? These Crispy Air Fryer Chicken Wings are breaded and double cooked in a sweet chili sauce, and so quick to make! #chickendotca"
RT @55mmbae: Air fryer hot honey salmon ğŸŸ https://t.co/zNLrEivrTa,2022-02-24 02:36:31,: Air fryer hot honey salmon
Dawg copping this air fryer was one of the best decisions I made yet ğŸ˜‚,2022-02-24 02:36:30,Dawg copping this air fryer was one of the best decisions I made yet
RT @55mmbae: Air fryer hot honey salmon ğŸŸ https://t.co/zNLrEivrTa,2022-02-24 02:36:20,: Air fryer hot honey salmon
RT @55mmbae: Air fryer hot honey salmon ğŸŸ https://t.co/zNLrEivrTa,2022-02-24 02:36:13,: Air fryer hot honey salmon
Bruh I had a dream where the an air fryer was super cheap like super cheappp it made me so happy lmao I woke up to such disappointment ğŸ˜­ what have I become ğŸ’€,2022-02-24 02:35:42,Bruh I had a dream where the an air fryer was super cheap like super cheappp it made me so happy lmao I woke up to such disappointment what have I become
RT @55mmbae: Air fryer hot honey salmon ğŸŸ https://t.co/zNLrEivrTa,2022-02-24 02:35:29,: Air fryer hot honey salmon
These Walleye Fish Fingers can be baked in the oven or made in the Air Fryer! They're coated in a spiced breadcrumb mixture and cooked until crispy. Perfect with tartar sauce! #walleye #fish #glutenfree Get the #recipe &gt;&gt; https://t.co/7TqTABM59M via @therusticfoodie,2022-02-24 02:34:36,These Walleye Fish Fingers can be baked in the oven or made in the Air Fryer! They're coated in a spiced breadcrumb mixture and cooked until crispy. Perfect with tartar sauce! #walleye #fish #glutenfree Get the #recipe &gt;&gt; via
"Just made some jerk salmon in the air fryer , my mouth is burning so good rn",2022-02-24 02:34:20,"Just made some jerk salmon in the air fryer , my mouth is burning so good rn"
Just made some fire ass fries in the air fryer!!! ğŸ”¥ğŸ”¥ğŸ”¥ğŸ˜ğŸ˜ğŸ”¥,2022-02-24 02:34:08,Just made some fire ass fries in the air fryer!!!
@Jessica65481190 @LoveAndyC Air fryer is the best thing I've ever had in my life!,2022-02-24 02:33:28,Air fryer is the best thing I've ever had in my life!
"My frustrating day has a small victory â€” cooked actual food. I made too much but my tortillas were too small, so. Itâ€™s a (tasty!) bad facsimile of a [air fryer!] taco crunch wrap but Iâ€™m really enjoying it. Made it marginally healthier with whole wheat tortillas &amp; ground chicken. https://t.co/3ARgi05zFw",2022-02-24 02:32:51,"My frustrating day has a small victory â€” cooked actual food. I made too much but my tortillas were too small, so. Itâ€™s a (tasty!) bad facsimile of a [air fryer!] taco crunch wrap but Iâ€™m really enjoying it. Made it marginally healthier with whole wheat tortillas &amp; ground chicken."
RT @55mmbae: Air fryer hot honey salmon ğŸŸ https://t.co/zNLrEivrTa,2022-02-24 02:32:33,: Air fryer hot honey salmon
"As much as I love my instapot and air fryer, once I get my new appliances, I will avoid using them at all cost.",2022-02-24 02:32:22,"As much as I love my instapot and air fryer, once I get my new appliances, I will avoid using them at all cost."
RT @55mmbae: Air fryer hot honey salmon ğŸŸ https://t.co/zNLrEivrTa,2022-02-24 02:32:19,: Air fryer hot honey salmon
RT @55mmbae: Air fryer hot honey salmon ğŸŸ https://t.co/zNLrEivrTa,2022-02-24 02:32:03,: Air fryer hot honey salmon
Should I buy an air fryer ğŸ¤”,2022-02-24 02:31:57,Should I buy an air fryer ğŸ¤”
i think getting an air fryer was one of the best decisions iâ€™ver ever made hahahahahaha,2022-02-24 02:31:50,i think getting an air fryer was one of the best decisions iâ€™ver ever made hahahahahaha
Pizza rolls in the air fryer?? âœ¨immaculateâœ¨,2022-02-24 02:31:41,Pizza rolls in the air fryer?? immaculate
RT @55mmbae: Air fryer hot honey salmon ğŸŸ https://t.co/zNLrEivrTa,2022-02-24 02:31:35,: Air fryer hot honey salmon
Air Fryer Orange Chicken | Food Doodles - https://t.co/v4QJ8eg86D via @FoodDoodles,2022-02-24 02:31:23,Air Fryer Orange Chicken | Food Doodles - via
@_ImSelfMadee Bruh im a victim my dam self ğŸ˜‚ğŸ˜‚ğŸ˜‚ğŸ˜‚ğŸ˜‚ğŸ˜‚ğŸ˜‚if i post some pics of my air fryer meals imma get atleast 2 hey big head text no cap ğŸ˜‚ğŸ˜‚ğŸ˜‚ğŸ˜‚ğŸ˜‚ğŸ˜‚ğŸ˜‚ğŸ˜‚ğŸ˜‚ğŸ˜‚,2022-02-24 02:31:15,Bruh im a victim my dam self if i post some pics of my air fryer meals imma get atleast 2 hey big head text no cap
Air Fryer Cornbread Cake with Candied Bacon and Honey Buttercream https://t.co/Ihz65mZZBx via @BellaBucchiotti,2022-02-24 02:30:56,Air Fryer Cornbread Cake with Candied Bacon and Honey Buttercream via
RT @55mmbae: Air fryer hot honey salmon ğŸŸ https://t.co/zNLrEivrTa,2022-02-24 02:30:54,: Air fryer hot honey salmon
"@eldr1tch_h0rr0r @BlueFoxalope @cassie_norwood4 @CrankGameplays I mean, I don't hate y'all. I'm probably not gonna go to a march or rally on either side.... I'm just a dude watching his air fryer and having a cold one",2022-02-24 02:30:52,"I mean, I don't hate y'all. I'm probably not gonna go to a march or rally on either side.... I'm just a dude watching his air fryer and having a cold one"
RT @capydoodle: clearly you donâ€™t own an air fryer https://t.co/xYR2eL95gN,2022-02-24 02:30:46,: clearly you donâ€™t own an air fryer
RT @55mmbae: Air fryer hot honey salmon ğŸŸ https://t.co/zNLrEivrTa,2022-02-24 02:30:34,: Air fryer hot honey salmon
"You'll Love This EASY Air Fryer Flatbread Pizza w/Goat Cheese, Spinach, Strawberry, &amp; Ricotta (or Your Favorite Toppings)

&gt;&gt; https://t.co/fxRx7ExvdG

 #airfryer #airfryerrecipes #naan #recipes https://t.co/KIxc771QXM",2022-02-24 02:30:12,"You'll Love This EASY Air Fryer Flatbread Pizza w/Goat Cheese, Spinach, Strawberry, &amp; Ricotta (or Your Favorite Toppings) &gt;&gt; #airfryer #airfryerrecipes #naan #recipes"
Pickles belong in the air fryer,2022-02-24 02:30:05,Pickles belong in the air fryer
i may have crippling depression but at least i have an air fryer,2022-02-24 02:29:56,i may have crippling depression but at least i have an air fryer
Reheat Chicken Wings in Air Fryer - Reheating Chicken Wings Ninja Foodi https://t.co/NkyXCZOkV0,2022-02-24 02:29:43,Reheat Chicken Wings in Air Fryer - Reheating Chicken Wings Ninja Foodi
"RT @jaclynwb: @SJConsulting_CA A2 Q2 chicken is so versatile, I love making mine with seasoned coating baked in the air fryer but I often uâ€¦",2022-02-24 02:29:29,": A2 Q2 chicken is so versatile, I love making mine with seasoned coating baked in the air fryer but I often uâ€¦"
RT @55mmbae: Air fryer hot honey salmon ğŸŸ https://t.co/zNLrEivrTa,2022-02-24 02:28:57,: Air fryer hot honey salmon
"RT @jaclynwb: @SJConsulting_CA A2 Q2 chicken is so versatile, I love making mine with seasoned coating baked in the air fryer but I often uâ€¦",2022-02-24 02:28:40,": A2 Q2 chicken is so versatile, I love making mine with seasoned coating baked in the air fryer but I often uâ€¦"
"RT @AlexRDownes: ""Put it in the air fryer"" is my constant state of being ğŸ˜‚ğŸ˜‚",2022-02-24 02:28:31,": ""Put it in the air fryer"" is my constant state of being"
"RT @jaclynwb: @SJConsulting_CA A2 Q2 chicken is so versatile, I love making mine with seasoned coating baked in the air fryer but I often uâ€¦",2022-02-24 02:28:21,": A2 Q2 chicken is so versatile, I love making mine with seasoned coating baked in the air fryer but I often uâ€¦"
"RT @jaclynwb: @SJConsulting_CA A2 Q2 chicken is so versatile, I love making mine with seasoned coating baked in the air fryer but I often uâ€¦",2022-02-24 02:28:00,": A2 Q2 chicken is so versatile, I love making mine with seasoned coating baked in the air fryer but I often uâ€¦"
Tired of girls telling me theyâ€™ll cook for me &amp; they never do it. Just gonna accept that itâ€™ll never happen. Thank God for my air fryer cause fuck it Iâ€™ll cook for myself,2022-02-24 02:27:49,Tired of girls telling me theyâ€™ll cook for me &amp; they never do it. Just gonna accept that itâ€™ll never happen. Thank God for my air fryer cause fuck it Iâ€™ll cook for myself
"RT @jaclynwb: @SJConsulting_CA A2 Q2 chicken is so versatile, I love making mine with seasoned coating baked in the air fryer but I often uâ€¦",2022-02-24 02:27:44,": A2 Q2 chicken is so versatile, I love making mine with seasoned coating baked in the air fryer but I often uâ€¦"
"bitch iâ€™m tired of climbing on my mf counters to grab my snacks , my tupperwares and my mf cereal &amp; air fryer. i was in there swinging from my damn cabinet like tarzan one day tryna get a damn snack from that cabinet above my sink ğŸ˜‚ğŸ¥´ https://t.co/nqv5lbdl78",2022-02-24 02:27:37,"bitch iâ€™m tired of climbing on my mf counters to grab my snacks , my tupperwares and my mf cereal &amp; air fryer. i was in there swinging from my damn cabinet like tarzan one day tryna get a damn snack from that cabinet above my sink ğŸ¥´"
RT @55mmbae: Air fryer hot honey salmon ğŸŸ https://t.co/zNLrEivrTa,2022-02-24 02:27:22,: Air fryer hot honey salmon
RT @55mmbae: Air fryer hot honey salmon ğŸŸ https://t.co/zNLrEivrTa,2022-02-24 02:27:12,: Air fryer hot honey salmon
I need to get a air fryer.,2022-02-24 02:26:13,I need to get a air fryer.
"I want to see the contestants use an Air Fryer just to scandalize the chefs! ğŸ˜„ğŸ˜„ğŸ˜„

#NextLevelChef",2022-02-24 02:25:45,I want to see the contestants use an Air Fryer just to scandalize the chefs! #NextLevelChef
Made dinner in my air fryer tonight ğŸ˜‹,2022-02-24 02:25:41,Made dinner in my air fryer tonight
RT @55mmbae: Air fryer hot honey salmon ğŸŸ https://t.co/zNLrEivrTa,2022-02-24 02:25:25,: Air fryer hot honey salmon
@BrandenCarter4 I still have no idea what appliance it is ! How do you even look at an air fryer or whatever and get aroused???,2022-02-24 02:25:13,I still have no idea what appliance it is ! How do you even look at an air fryer or whatever and get aroused???
RT @valerie2350: Maple Air Fryer Egg-free French Toast Recipe https://t.co/wyW55ANkm0 https://t.co/HGWaHUawKA,2022-02-24 02:25:00,: Maple Air Fryer Egg-free French Toast Recipe
"@eggplantpeople ğŸ†ğŸŸ I'd put them in my air fryer until crispy and cover them with chili, cheese and onions. ğŸ˜‹ Thanks for the opportunity and chance to win. #WinItWednesday #SnackMonth #Dominex #EggplantFries",2022-02-24 02:24:55,"I'd put them in my air fryer until crispy and cover them with chili, cheese and onions. Thanks for the opportunity and chance to win. #WinItWednesday #SnackMonth #Dominex #EggplantFries"
"@Sunset_SC2 I've been wanting an air fryer forever, so I might just have to look into it now!",2022-02-24 02:24:49,"I've been wanting an air fryer forever, so I might just have to look into it now!"
"my mom bought me an air fryer as a housewarming gift

now i can clearly meme on my friends",2022-02-24 02:24:47,my mom bought me an air fryer as a housewarming gift now i can clearly meme on my friends
"RT @jaclynwb: @SJConsulting_CA A2 Q2 chicken is so versatile, I love making mine with seasoned coating baked in the air fryer but I often uâ€¦",2022-02-24 02:24:18,": A2 Q2 chicken is so versatile, I love making mine with seasoned coating baked in the air fryer but I often uâ€¦"
@Rayche11 You need an air fryer,2022-02-24 02:24:11,You need an air fryer
"@SJConsulting_CA A2 Q2 chicken is so versatile, I love making mine with seasoned coating baked in the air fryer but I often use a creamy Alfredo sauce with pasta #ChickenDotCA",2022-02-24 02:23:41,"A2 Q2 chicken is so versatile, I love making mine with seasoned coating baked in the air fryer but I often use a creamy Alfredo sauce with pasta #ChickenDotCA"
Air fryer be havin microwave chefs looking like G Garvin ğŸ˜‚ğŸ˜‚ğŸ’¯ğŸ’¯ https://t.co/BluaistMwt,2022-02-24 02:23:22,Air fryer be havin microwave chefs looking like G Garvin
@drkiki Get an air fryer. Make all that frozen stuff in the freeze eatable.,2022-02-24 02:22:56,Get an air fryer. Make all that frozen stuff in the freeze eatable.
RT @55mmbae: Air fryer hot honey salmon ğŸŸ https://t.co/zNLrEivrTa,2022-02-24 02:22:44,: Air fryer hot honey salmon
This is our family favourite: Tandoori Chicken Wings https://t.co/dDx62bjnkS #ChickenDotCA https://t.co/kJHDQYzQ7m,2022-02-24 02:22:42,This is our family favourite: Tandoori Chicken Wings #ChickenDotCA
RT @55mmbae: Air fryer hot honey salmon ğŸŸ https://t.co/zNLrEivrTa,2022-02-24 02:21:35,: Air fryer hot honey salmon
